"scen","e1a","e1b","e2a","e2b"
"qs7_rmp_proc_dest_multi_inputs_BC_disrupt",0.97646217514738,0.9796782867029,0.747499888463543,0.614593616095658
